{"schemaVersion":"1.0","appDefinitionTemplate":{"id":"/providers/Microsoft.PowerApps/apps/","type":"Microsoft.PowerApps/apps","tags":{"primaryDeviceWidth":"1366","primaryDeviceHeight":"768","supportsPortrait":"false","supportsLandscape":"true","primaryFormFactor":"Tablet","publisherVersion":"3.22111.28","minimumRequiredApiVersion":"2.2.0","hasComponent":"false","hasUnlockedComponent":"false","isUnifiedRootApp":"false","sienaVersion":"20221203T171040Z-3.22111.28.0"},"properties":{"appVersion":"2022-12-03T17:10:40Z","lifeCycleId":"Published","createdByClientVersion":{"major":3,"minor":22111,"build":28,"revision":0,"majorRevision":0,"minorRevision":0},"minClientVersion":{"major":3,"minor":22111,"build":28,"revision":0,"majorRevision":0,"minorRevision":0},"backgroundColor":"rgba(168, 0, 0, 1)","backgroundImageUri":"/15863411627295246024/N6895b54e-8bcf-4a31-a3b9-feae7218e18d-logoSmallFile","displayName":"PDF Reader","description":"","commitMessage":"","appUris":{"documentUri":{"value":"/15863411627295246024/N136d62a9-85c7-4f87-967d-0ae4a723fb73-document.msapp"},"imageUris":[],"additionalUris":[]},"createdTime":"0001-01-01T00:00:00Z","lastModifiedTime":"0001-01-01T00:00:00Z","sharedGroupsCount":0,"sharedUsersCount":0,"icons":{"smallIconUri":"/15863411627295246024/N592e36d2-2190-4daf-ae91-ea97212678d0-small.png","mediumIconUri":"/15863411627295246024/N453494b5-bc44-4d92-90bf-ff3950fec32d-medium.png","largeIconUri":"/15863411627295246024/N2c07bc93-d94f-4312-a182-a66163533689-large.png","wideIconUri":"/15863411627295246024/Neb1a3682-7e0f-48e5-982e-2501b2db626c-wide.png"},"connectionReferences":{"2752dcfa-419a-4f6d-afda-ff28120d621f":{"id":"df8a903e-8791-4486-bf65-233ffff269a8","displayName":"Excel","iconUri":"https://connectoricons-prod.azureedge.net/releases/v1.0.1599/1.0.1599.3017/excel/icon.png","dataSources":["PDFData"],"dependencies":["854ac387-1449-4e64-9adb-110f2a1e2452"],"dependents":[],"parameterHints":{"854ac387-1449-4e64-9adb-110f2a1e2452":{"value":"fileSource"}},"parameterHintsV2":{"fileSource":{"value":"854ac387-1449-4e64-9adb-110f2a1e2452"}},"isOnPremiseConnection":false,"dataSets":{"b!n67NzQKIuEG3uaLhwnUtv5ov74LqwbNPiRMuwKjrglntelUQTRc2QKjvTrrE3nr1.01YODDWGF3TZT24GVQIRHZKD4YJNNGB735":{"dataSources":{"PDFData":{"tableName":"PDFData"}}}},"apiTier":"Standard","isCustomApiConnection":false,"actions":["providers/PowerPlatform.Governance/Operations/Read"]},"854ac387-1449-4e64-9adb-110f2a1e2452":{"id":"e609f5b8-e50a-43c9-bb87-c907779d1bf0","displayName":"OneDrive for Business","iconUri":"https://connectoricons-prod.azureedge.net/releases/v1.0.1546/1.0.1546.2665/onedriveforbusiness/icon.png","dataSources":[],"dependencies":[],"dependents":["2752dcfa-419a-4f6d-afda-ff28120d621f"],"parameterHints":{},"parameterHintsV2":{},"isOnPremiseConnection":false,"dataSets":{},"apiTier":"Standard","isCustomApiConnection":false}},"databaseReferences":{},"almMode":"Environment","performanceOptimizationEnabled":true,"canConsumeAppPass":true,"enableModernRuntimeMode":false,"executionRestrictions":{"isTeamsOnly":false,"dataLossPreventionEvaluationResult":{"status":"Compliant","lastEvaluationDate":"2022-12-03T17:10:54.8127233Z","violations":[],"violationsByPolicy":[],"violationErrorMessage":"The app uses the following connectors: shared_excel, shared_onedriveforbusiness."}}},"appType":"ClassicCanvasApp","appComponents":[]}}