{"name":"0c4852f6-aa6e-4438-960c-2f2c640019ae","id":"/providers/Microsoft.Flow/flows/0c4852f6-aa6e-4438-960c-2f2c640019ae","type":"Microsoft.Flow/flows","properties":{"apiId":"/providers/Microsoft.PowerApps/apis/shared_logicflows","displayName":"Schedule a reply","definition":{"metadata":{"workflowEntityId":null,"processAdvisorMetadata":null,"flowclientsuspensionreason":"None","flowclientsuspensiontime":null,"flowclientsuspensionreasondetails":null,"creator":{"id":"650e4002-8c64-4c9c-a70f-2df7bb6358cd","type":"User","tenantId":"17386793-a6f3-46b9-b145-d52deba1f1b4"},"provisioningMethod":"FromDefinition","failureAlertSubscription":true,"clientLastModifiedTime":"2022-12-14T10:48:07.8708942Z"},"$schema":"https://schema.management.azure.com/providers/Microsoft.Logic/schemas/2016-06-01/workflowdefinition.json#","contentVersion":"1.0.0.0","parameters":{"$connections":{"defaultValue":{},"type":"Object"},"$authentication":{"defaultValue":{},"type":"SecureObject"}},"triggers":{"manual":{"splitOn":"@triggerBody()['rows']","metadata":{"flowSystemMetadata":{"swaggerOperationId":"ForASelectedMessage","taskModuleWidth":null,"taskModuleHeight":null,"inputsAdaptiveCard":"{\n  \"$schema\": \"http://adaptivecards.io/schemas/adaptive-card.json\",\n  \"type\": \"AdaptiveCard\",\n  \"version\": \"1.2\",\n  \"body\": [\n    {\n      \"type\": \"TextBlock\",\n      \"text\": \"When do you want your reply to be sent?\",\n      \"weight\": \"bolder\",\n      \"size\": \"medium\"\n    },\n    {\n      \"type\": \"TextBlock\",\n      \"text\": \"Date:\",\n      \"wrap\": true,\n      \"size\": \"Small\"\n    },\n    {\n      \"type\": \"Input.Date\",\n      \"id\": \"scheduledDate\",\n      \"spacing\": \"None\"\n    },\n    {\n      \"type\": \"TextBlock\",\n      \"text\": \"Time:\",\n      \"wrap\": true,\n      \"size\": \"Small\"\n    },\n    {\n      \"type\": \"Input.Time\",\n      \"id\": \"scheduledTime\",\n      \"spacing\": \"None\"\n    },\n    {\n      \"type\": \"Input.Toggle\",\n      \"id\": \"notifyMyself\",\n      \"title\": \"Notify myself when message is posted?\"\n    },\n    {\n      \"type\": \"TextBlock\",\n      \"text\": \"Reply:\",\n      \"size\": \"Small\"\n    },\n    {\n      \"placeholder\": \"Message to send\",\n      \"type\": \"Input.Text\",\n      \"spacing\": \"None\",\n      \"id\": \"messageToSend\",\n      \"isMultiline\": true\n    }\n  ],\n  \"-ms-tokens\": {}\n}"},"operationMetadataId":"ddc95267-39f0-4dfb-8520-32c990ff4547"},"type":"Request","kind":"ApiConnection","inputs":{"schema":{"type":"object","properties":{"rows":{"type":"array","items":{"type":"object","properties":{"entity":{"type":"object","properties":{"cardOutputs":{"type":"object","properties":{"timeInterval":{"title":"timeInterval","type":"string"},"replyMessage":{"title":"replyMessage","type":"string"},"scheduledDate":{"title":"scheduledDate","type":"string"},"scheduledTime":{"title":"scheduledTime","type":"string"},"messageToSend":{"title":"messageToSend","type":"string"},"notifyMyself":{"title":"notifyMyself","type":"string"}}},"teamsFlowRunContext":{"type":"object","properties":{"channelData":{"type":"object","properties":{"channel":{"type":"object","properties":{"id":{"title":"Channel ID","type":"string"}},"required":[]},"team":{"type":"object","properties":{"aadGroupId":{"title":"Team ID","type":"string"}},"required":[]}},"required":[]},"conversation":{"type":"object","properties":{"id":{"title":"Conversation ID","type":"string"},"isGroup":{"title":"Is Group","type":"boolean"}},"required":[]},"messagePayload":{"type":"object","properties":{"id":{"title":"Message ID","type":"string"},"body":{"type":"object","properties":{"content":{"title":"Message Content","type":"string"}},"required":[]},"from":{"type":"object","properties":{"user":{"type":"object","properties":{"id":{"title":"Sender User ID","type":"string"},"displayName":{"title":"Sender User Display Name","type":"string"}},"required":[]}},"required":[]}},"required":[]},"localTimezone":{"title":"Local Time Zone","type":"string"},"from":{"type":"object","properties":{"aadObjectId":{"title":"Originating User ID","type":"string"}},"required":[]}}}},"required":["cardOutputs","teamsFlowRunContext"]}},"required":["entity"]}}},"required":["rows"]},"host":{"connection":{"name":"@parameters('$connections')['shared_teams']['connectionId']"},"api":{"runtimeUrl":"https://flow-apim-unitedstates-002-westus-01.azure-apim.net/apim/teams"}},"operationId":"ForASelectedMessage","parameters":{"inputsAdaptiveCard":"{\n  \"$schema\": \"http://adaptivecards.io/schemas/adaptive-card.json\",\n  \"type\": \"AdaptiveCard\",\n  \"version\": \"1.2\",\n  \"body\": [\n    {\n      \"type\": \"TextBlock\",\n      \"text\": \"When do you want your reply to be sent?\",\n      \"weight\": \"bolder\",\n      \"size\": \"medium\"\n    },\n    {\n      \"type\": \"TextBlock\",\n      \"text\": \"Date:\",\n      \"wrap\": true,\n      \"size\": \"Small\"\n    },\n    {\n      \"type\": \"Input.Date\",\n      \"id\": \"scheduledDate\",\n      \"spacing\": \"None\"\n    },\n    {\n      \"type\": \"TextBlock\",\n      \"text\": \"Time:\",\n      \"wrap\": true,\n      \"size\": \"Small\"\n    },\n    {\n      \"type\": \"Input.Time\",\n      \"id\": \"scheduledTime\",\n      \"spacing\": \"None\"\n    },\n    {\n      \"type\": \"Input.Toggle\",\n      \"id\": \"notifyMyself\",\n      \"title\": \"Notify myself when message is posted?\"\n    },\n    {\n      \"type\": \"TextBlock\",\n      \"text\": \"Reply:\",\n      \"size\": \"Small\"\n    },\n    {\n      \"placeholder\": \"Message to send\",\n      \"type\": \"Input.Text\",\n      \"spacing\": \"None\",\n      \"id\": \"messageToSend\",\n      \"isMultiline\": true\n    }\n  ],\n  \"-ms-tokens\": {}\n}"}}}},"actions":{"Condition":{"actions":{"Post_message_in_a_chat_or_channel":{"runAfter":{},"metadata":{"operationMetadataId":"f0c23487-796e-41da-91ef-4a63d6537b80"},"type":"OpenApiConnection","inputs":{"host":{"apiId":"/providers/Microsoft.PowerApps/apis/shared_teams","connectionName":"shared_teams","operationId":"PostMessageToConversation"},"parameters":{"poster":"User","location":"Group chat","body/recipient":"@triggerBody()?['entity']?['teamsFlowRunContext']?['conversation']?['id']","body/messageBody":"<p><blockquote>@{triggerBody()?['entity']?['teamsFlowRunContext']?['messagePayload']?['from']?['user']?['displayName']}<br>@{triggerBody()?['entity']?['teamsFlowRunContext']?['messagePayload']?['body']?['content']}</blockquote>@{triggerBody()?['entity']?['cardOutputs']?['messageToSend']}</p>"},"authentication":{"value":"@json(decodeBase64(triggerOutputs().headers['X-MS-APIM-Tokens']))['$ConnectionKey']","type":"Raw"}}},"Condition_2":{"actions":{"Post_a_feed_notification":{"runAfter":{},"metadata":{"operationMetadataId":"208428a9-8588-418f-890d-1281eae5a58a"},"type":"OpenApiConnection","inputs":{"host":{"apiId":"/providers/Microsoft.PowerApps/apis/shared_teams","connectionName":"shared_teams","operationId":"PostFeedNotification"},"parameters":{"poster":"Flow bot","notificationType":"groupchat","body/recipient":"@triggerBody()?['entity']?['teamsFlowRunContext']?['from']?['aadObjectId']","body/previewText":"Your scheduled reply has been posted","body/chatRecipient":"@triggerBody()?['entity']?['teamsFlowRunContext']?['conversation']?['id']","body/messageId":"@outputs('Post_message_in_a_chat_or_channel')?['body/id']"},"authentication":{"value":"@json(decodeBase64(triggerOutputs().headers['X-MS-APIM-Tokens']))['$ConnectionKey']","type":"Raw"}}}},"runAfter":{"Post_message_in_a_chat_or_channel":["Succeeded"]},"expression":{"equals":["@toLower(variables('NotifyMyself'))","true"]},"metadata":{"operationMetadataId":"69ad38fb-64ed-4208-8156-f6e2fc6c5214"},"type":"If"}},"runAfter":{"Delay_until":["Succeeded"]},"else":{"actions":{"Condition_3":{"actions":{"Post_a_feed_notification_2":{"runAfter":{},"metadata":{"operationMetadataId":"df418487-6301-464e-82bb-e943d3a9f67d"},"type":"OpenApiConnection","inputs":{"host":{"apiId":"/providers/Microsoft.PowerApps/apis/shared_teams","connectionName":"shared_teams","operationId":"PostFeedNotification"},"parameters":{"poster":"Flow bot","notificationType":"team","body/recipient":"@triggerBody()?['entity']?['teamsFlowRunContext']?['from']?['aadObjectId']","body/previewText":"Your scheduled reply has been posted","body/channelRecipient/groupId":"@triggerBody()?['entity']?['teamsFlowRunContext']?['channelData']?['team']?['aadGroupId']","body/channelRecipient/channelId":"@triggerBody()?['entity']?['teamsFlowRunContext']?['channelData']?['channel']?['id']"},"authentication":{"value":"@json(decodeBase64(triggerOutputs().headers['X-MS-APIM-Tokens']))['$ConnectionKey']","type":"Raw"}}}},"runAfter":{"Condition_4":["Succeeded"]},"expression":{"equals":["@toLower(variables('NotifyMyself'))","true"]},"metadata":{"operationMetadataId":"adfdadae-ce81-4080-8bfb-db4af1026af1"},"type":"If"},"Condition_4":{"actions":{"Reply_with_a_message_in_a_channel_2":{"runAfter":{},"metadata":{"operationMetadataId":"9ab5d32b-b32e-4bc5-9e0f-2b2839bcc4a9"},"type":"OpenApiConnection","inputs":{"host":{"apiId":"/providers/Microsoft.PowerApps/apis/shared_teams","connectionName":"shared_teams","operationId":"ReplyWithMessageToConversation"},"parameters":{"poster":"User","location":"Channel","body/parentMessageId":"@triggerBody()?['entity']?['teamsFlowRunContext']?['messagePayload']?['id']","body/recipient/groupId":"@triggerBody()?['entity']?['teamsFlowRunContext']?['channelData']?['team']?['aadGroupId']","body/recipient/channelId":"@triggerBody()?['entity']?['teamsFlowRunContext']?['channelData']?['channel']?['id']","body/messageBody":"<p>@{triggerBody()?['entity']?['cardOutputs']?['messageToSend']}</p>"},"authentication":{"value":"@json(decodeBase64(triggerOutputs().headers['X-MS-APIM-Tokens']))['$ConnectionKey']","type":"Raw"}}}},"runAfter":{},"else":{"actions":{"Reply_with_a_message_in_a_channel":{"runAfter":{},"metadata":{"operationMetadataId":"22f3d2a7-3367-4f72-8346-c10ad38ddb48"},"type":"OpenApiConnection","inputs":{"host":{"apiId":"/providers/Microsoft.PowerApps/apis/shared_teams","connectionName":"shared_teams","operationId":"ReplyWithMessageToConversation"},"parameters":{"poster":"User","location":"Channel","body/parentMessageId":"@triggerBody()?['entity']?['teamsFlowRunContext']?['messagePayload']?['replyToId']","body/recipient/groupId":"@triggerBody()?['entity']?['teamsFlowRunContext']?['channelData']?['team']?['aadGroupId']","body/recipient/channelId":"@triggerBody()?['entity']?['teamsFlowRunContext']?['channelData']?['channel']?['id']","body/messageBody":"<p>@{triggerBody()?['entity']?['cardOutputs']?['messageToSend']}</p>"},"authentication":{"value":"@json(decodeBase64(triggerOutputs().headers['X-MS-APIM-Tokens']))['$ConnectionKey']","type":"Raw"}}}}},"expression":{"equals":["@empty(triggerBody()?['entity']?['teamsFlowRunContext']?['messagePayload']?['replyToId'])","@true"]},"metadata":{"operationMetadataId":"2b71084b-ec8b-4413-81ba-94424af358a9"},"type":"If"}}},"expression":{"equals":["@triggerBody()?['entity']?['teamsFlowRunContext']?['channelData']?['channel']?['id']","@null"]},"metadata":{"operationMetadataId":"3f264681-f33f-4641-9efb-5d42e105482d"},"type":"If"},"Initialize_variable":{"runAfter":{},"metadata":{"operationMetadataId":"eab06c9a-6b2c-4b8a-adc2-cf52c8c2aae1"},"type":"InitializeVariable","inputs":{"variables":[{"name":"scheduledReplySendTime","type":"string","value":"@{triggerBody()?['entity']?['cardOutputs']?['scheduledDate']} @{triggerBody()?['entity']?['cardOutputs']?['scheduledTime']}"}]}},"Convert_time_zone":{"runAfter":{"Initialize_variable_3":["Succeeded"]},"metadata":{"operationMetadataId":"7de93010-abbe-4ac3-8f7f-986967aac5c6"},"type":"Expression","kind":"ConvertTimeZone","inputs":{"baseTime":"@variables('scheduledReplySendTime')","formatString":"o","sourceTimeZone":"@triggerBody()?['entity']?['teamsFlowRunContext']?['localTimezone']","destinationTimeZone":"UTC"}},"Delay_until":{"runAfter":{"Convert_time_zone":["Succeeded"]},"metadata":{"operationMetadataId":"ea373ee5-c2ec-42d5-aaeb-f18bb8cfebc9"},"type":"Wait","inputs":{"until":{"timestamp":"@body('Convert_time_zone')"}}},"Initialize_variable_2":{"runAfter":{"Initialize_variable":["Succeeded"]},"metadata":{"operationMetadataId":"cecb326f-c5f8-4316-81b0-fbd82efeea83"},"type":"InitializeVariable","inputs":{"variables":[{"name":"NotifyMyself","type":"string","value":"@triggerBody()?['entity']?['cardOutputs']?['notifyMyself']"}]}},"Initialize_variable_3":{"runAfter":{"Initialize_variable_2":["Succeeded"]},"metadata":{"operationMetadataId":"f08819b0-a438-431c-b1df-fd9d62927ff9"},"type":"InitializeVariable","inputs":{"variables":[{"name":"True","type":"string","value":"true"}]}}},"description":"Schedule a reply to a message to be sent at a later time."},"connectionReferences":{"shared_teams":{"connectionName":"shared-teams-cf020b4a-3d3d-4df0-8f7f-e8933ceadf32","source":"Invoker","id":"/providers/Microsoft.PowerApps/apis/shared_teams","tier":"NotSpecified"}},"flowFailureAlertSubscribed":false,"isManaged":false}}